1402409078463,"Wi-Fi-netwerk van R. Kaasenbrood","90:72:40:14:54:58",-67
1402409078463,"utrecht3515","84:9c:a6:63:e0:86",-70
1402409078463,"SpeedTouch367917","00:18:f6:67:52:c6",-74
1402409078463,"Vlinder","84:9c:a6:b4:da:52",-81
1402409078463,"Wi-Fi-netwerk van R. Kaasenbrood","90:72:40:14:54:59",-84
1402409078463,"Mr-Brown","7a:cb:a8:62:76:bc",-87
1402409078464,"ARJANHUIJZER-PC_Network-2.4G","c4:3d:c7:91:0d:6e",-86
1402409078464,"CORRYHENK","00:18:f6:ec:07:28",-88
1402409078464,"Ziggo","ea:40:f2:94:28:dc",-79
1402409078464,"Duvel","e8:40:f2:94:28:db",-80
1402409078464,"FRITZ!Box Fon WLAN 7360","c0:25:06:5a:ed:46",-86
1402409078464,"Tele2modem-internet","00:23:54:85:fd:ca",-88
1402409078464,"H220N8068C4","fc:c8:97:80:68:c4",-87
1402409078465,"Mineel","5c:96:9d:66:3e:31",-90
1402409078465,"FRITZ!Box Guest Access","c6:25:06:5a:ed:46",-84
1402409078465,"HG655D-8561AB","82:b6:86:85:61:a8",-89
1402409078465,"SitecomA1834C","00:0c:f6:a1:83:4c",-81
1402409078466,"ARJANHUIJZER-PC_Network","c4:3d:c7:91:0d:70",-98
1402409078466,"Zy_private_E4XHWM","fc:f5:28:92:d1:cc",-92
1402409078470,"starthere","e0:91:f5:57:be:9e",-89
1402409078471,"Online gast","ba:8d:12:62:61:46",-88
1402409078471,"Online","b8:8d:12:62:61:45",-88
1402409078471,"StLucia","b8:62:1f:50:f9:46",-92
1402409078471,"Ziggo","72:18:8b:9c:32:dc",-82
1402409078472,"Ziggo60CCB","70:18:8b:9c:32:db",-83
1402409079481,"Wi-Fi-netwerk van R. Kaasenbrood","90:72:40:14:54:58",-57
1402409079481,"utrecht3515","84:9c:a6:63:e0:86",-74
1402409079481,"SpeedTouch367917","00:18:f6:67:52:c6",-67
1402409079481,"Vlinder","84:9c:a6:b4:da:52",-81
1402409079482,"Wi-Fi-netwerk van R. Kaasenbrood","90:72:40:14:54:59",-85
1402409079482,"Mr-Brown","7a:cb:a8:62:76:bc",-92
1402409079482,"ARJANHUIJZER-PC_Network-2.4G","c4:3d:c7:91:0d:6e",-86
1402409079482,"CORRYHENK","00:18:f6:ec:07:28",-88
1402409079482,"Ziggo","ea:40:f2:94:28:dc",-79
1402409079482,"Duvel","e8:40:f2:94:28:db",-80
1402409079482,"FRITZ!Box Fon WLAN 7360","c0:25:06:5a:ed:46",-84
1402409079482,"Tele2modem-internet","00:23:54:85:fd:ca",-85
1402409079483,"H220N8068C4","fc:c8:97:80:68:c4",-87
1402409079483,"Mineel","5c:96:9d:66:3e:31",-90
1402409079483,"FRITZ!Box Guest Access","c6:25:06:5a:ed:46",-87
1402409079483,"HG655D-8561AB","82:b6:86:85:61:a8",-89
1402409079483,"SitecomA1834C","00:0c:f6:a1:83:4c",-81
1402409079484,"ARJANHUIJZER-PC_Network","c4:3d:c7:91:0d:70",-98
1402409079484,"Zy_private_E4XHWM","fc:f5:28:92:d1:cc",-85
1402409079484,"starthere","e0:91:f5:57:be:9e",-87
1402409079484,"Online gast","ba:8d:12:62:61:46",-88
1402409079484,"Online","b8:8d:12:62:61:45",-88
1402409079485,"StLucia","b8:62:1f:50:f9:46",-92
1402409079485,"Ziggo","72:18:8b:9c:32:dc",-82
1402409079488,"Ziggo60CCB","70:18:8b:9c:32:db",-83
1402409080497,"Wi-Fi-netwerk van R. Kaasenbrood","90:72:40:14:54:58",-64
1402409080497,"utrecht3515","84:9c:a6:63:e0:86",-74
1402409080498,"SpeedTouch367917","00:18:f6:67:52:c6",-63
1402409080498,"Vlinder","84:9c:a6:b4:da:52",-81
1402409080498,"Wi-Fi-netwerk van R. Kaasenbrood","90:72:40:14:54:59",-84
1402409080498,"Mr-Brown","7a:cb:a8:62:76:bc",-90
1402409080498,"ARJANHUIJZER-PC_Network-2.4G","c4:3d:c7:91:0d:6e",-84
1402409080498,"CORRYHENK","00:18:f6:ec:07:28",-88
1402409080498,"Ziggo","ea:40:f2:94:28:dc",-88
1402409080498,"Duvel","e8:40:f2:94:28:db",-87
1402409080499,"FRITZ!Box Fon WLAN 7360","c0:25:06:5a:ed:46",-84
1402409080499,"Tele2modem-internet","00:23:54:85:fd:ca",-85
1402409080499,"H220N8068C4","fc:c8:97:80:68:c4",-87
1402409080499,"Mineel","5c:96:9d:66:3e:31",-90
1402409080499,"FRITZ!Box Guest Access","c6:25:06:5a:ed:46",-87
1402409080501,"HG655D-8561AB","82:b6:86:85:61:a8",-89
1402409080519,"SitecomA1834C","00:0c:f6:a1:83:4c",-81
1402409080520,"Zy_private_E4XHWM","fc:f5:28:92:d1:cc",-85
1402409080520,"starthere","e0:91:f5:57:be:9e",-88
1402409080520,"Online gast","ba:8d:12:62:61:46",-88
1402409080520,"Online","b8:8d:12:62:61:45",-88
1402409080520,"StLucia","b8:62:1f:50:f9:46",-92
1402409080520,"Ziggo","72:18:8b:9c:32:dc",-88
1402409080520,"Ziggo60CCB","70:18:8b:9c:32:db",-83
1402409081543,"Wi-Fi-netwerk van R. Kaasenbrood","90:72:40:14:54:58",-64
1402409081545,"utrecht3515","84:9c:a6:63:e0:86",-74
1402409081545,"SpeedTouch367917","00:18:f6:67:52:c6",-60
1402409081572,"Vlinder","84:9c:a6:b4:da:52",-84
1402409081572,"Wi-Fi-netwerk van R. Kaasenbrood","90:72:40:14:54:59",-85
1402409081572,"Mr-Brown","7a:cb:a8:62:76:bc",-90
1402409081572,"ARJANHUIJZER-PC_Network-2.4G","c4:3d:c7:91:0d:6e",-84
1402409081572,"CORRYHENK","00:18:f6:ec:07:28",-88
1402409081573,"Ziggo","ea:40:f2:94:28:dc",-88
1402409081573,"Duvel","e8:40:f2:94:28:db",-87
1402409081573,"FRITZ!Box Fon WLAN 7360","c0:25:06:5a:ed:46",-84
1402409081573,"Tele2modem-internet","00:23:54:85:fd:ca",-85
1402409081573,"FRITZ!Box Guest Access","c6:25:06:5a:ed:46",-87
1402409081573,"HG655D-8561AB","82:b6:86:85:61:a8",-89
1402409081595,"SitecomA1834C","00:0c:f6:a1:83:4c",-86
1402409081595,"Zy_private_E4XHWM","fc:f5:28:92:d1:cc",-86
1402409081595,"starthere","e0:91:f5:57:be:9e",-88
1402409081595,"Online gast","ba:8d:12:62:61:46",-88
1402409081595,"Ziggo","72:18:8b:9c:32:dc",-88
1402409081595,"Ziggo60CCB","70:18:8b:9c:32:db",-83
1402409081596,"chmwidor","98:fc:11:6f:06:8a",-88
1402409082602,"Wi-Fi-netwerk van R. Kaasenbrood","90:72:40:14:54:58",-76
1402409082652,"utrecht3515","84:9c:a6:63:e0:86",-77
1402409082652,"SpeedTouch367917","00:18:f6:67:52:c6",-64
1402409082653,"Vlinder","84:9c:a6:b4:da:52",-78
1402409082653,"Wi-Fi-netwerk van R. Kaasenbrood","90:72:40:14:54:59",-86
1402409082653,"Mr-Brown","7a:cb:a8:62:76:bc",-90
1402409082654,"ARJANHUIJZER-PC_Network-2.4G","c4:3d:c7:91:0d:6e",-84
1402409082654,"Ziggo","ea:40:f2:94:28:dc",-88
1402409082654,"Duvel","e8:40:f2:94:28:db",-79
1402409082674,"FRITZ!Box Fon WLAN 7360","c0:25:06:5a:ed:46",-84
1402409082674,"Tele2modem-internet","00:23:54:85:fd:ca",-85
1402409082674,"FRITZ!Box Guest Access","c6:25:06:5a:ed:46",-86
1402409082674,"SitecomA1834C","00:0c:f6:a1:83:4c",-86
1402409082674,"Zy_private_E4XHWM","fc:f5:28:92:d1:cc",-81
1402409082674,"starthere","e0:91:f5:57:be:9e",-88
1402409082674,"Ziggo","72:18:8b:9c:32:dc",-87
1402409082674,"Ziggo60CCB","70:18:8b:9c:32:db",-85
1402409082687,"chmwidor","98:fc:11:6f:06:8a",-88
1402409083706,"Wi-Fi-netwerk van R. Kaasenbrood","90:72:40:14:54:58",-68
1402409083707,"utrecht3515","84:9c:a6:63:e0:86",-77
1402409083708,"SpeedTouch367917","00:18:f6:67:52:c6",-70
1402409083708,"Vlinder","84:9c:a6:b4:da:52",-78
1402409083708,"Wi-Fi-netwerk van R. Kaasenbrood","90:72:40:14:54:59",-87
1402409083756,"Mr-Brown","7a:cb:a8:62:76:bc",-90
1402409083757,"ARJANHUIJZER-PC_Network-2.4G","c4:3d:c7:91:0d:6e",-84
1402409083757,"Ziggo","ea:40:f2:94:28:dc",-88
1402409083757,"Duvel","e8:40:f2:94:28:db",-79
1402409083758,"FRITZ!Box Fon WLAN 7360","c0:25:06:5a:ed:46",-83
1402409083758,"Tele2modem-internet","00:23:54:85:fd:ca",-85
1402409083788,"FRITZ!Box Guest Access","c6:25:06:5a:ed:46",-83
1402409083788,"SitecomA1834C","00:0c:f6:a1:83:4c",-86
1402409083789,"Zy_private_E4XHWM","fc:f5:28:92:d1:cc",-89
1402409083789,"starthere","e0:91:f5:57:be:9e",-90
1402409083789,"Ziggo","72:18:8b:9c:32:dc",-87
1402409083789,"Ziggo60CCB","70:18:8b:9c:32:db",-85
1402409083801,"chmwidor","98:fc:11:6f:06:8a",-88
1402409083801,"StLucia","b8:62:1f:50:f9:46",-87
1402409083802,"Biomineral","08:96:d7:30:55:10",-90
1402409084822,"Wi-Fi-netwerk van R. Kaasenbrood","90:72:40:14:54:58",-70
1402409084824,"utrecht3515","84:9c:a6:63:e0:86",-74
1402409084865,"SpeedTouch367917","00:18:f6:67:52:c6",-69
1402409084865,"Vlinder","84:9c:a6:b4:da:52",-78
1402409084865,"Wi-Fi-netwerk van R. Kaasenbrood","90:72:40:14:54:59",-86
1402409084866,"Mr-Brown","7a:cb:a8:62:76:bc",-89
1402409084866,"ARJANHUIJZER-PC_Network-2.4G","c4:3d:c7:91:0d:6e",-84
1402409084866,"Ziggo","ea:40:f2:94:28:dc",-88
1402409084879,"Duvel","e8:40:f2:94:28:db",-79
1402409084879,"FRITZ!Box Fon WLAN 7360","c0:25:06:5a:ed:46",-83
1402409084879,"Tele2modem-internet","00:23:54:85:fd:ca",-89
1402409084879,"FRITZ!Box Guest Access","c6:25:06:5a:ed:46",-84
1402409084879,"SitecomA1834C","00:0c:f6:a1:83:4c",-86
1402409084891,"Zy_private_E4XHWM","fc:f5:28:92:d1:cc",-85
1402409084891,"starthere","e0:91:f5:57:be:9e",-90
1402409084891,"Ziggo","72:18:8b:9c:32:dc",-87
1402409084891,"Ziggo60CCB","70:18:8b:9c:32:db",-85
1402409084892,"chmwidor","98:fc:11:6f:06:8a",-88
1402409084904,"StLucia","b8:62:1f:50:f9:46",-90
1402409084904,"Biomineral","08:96:d7:30:55:10",-90
1402409084904,"Westdijk Web","00:0c:f6:a0:b8:4c",-85
1402409084904,"HG655D-8561AB","82:b6:86:85:61:a8",-92
1402409085940,"Wi-Fi-netwerk van R. Kaasenbrood","90:72:40:14:54:58",-61
1402409085942,"utrecht3515","84:9c:a6:63:e0:86",-74
1402409085943,"SpeedTouch367917","00:18:f6:67:52:c6",-73
1402409085986,"Vlinder","84:9c:a6:b4:da:52",-77
1402409085986,"Wi-Fi-netwerk van R. Kaasenbrood","90:72:40:14:54:59",-82
1402409085986,"Mr-Brown","7a:cb:a8:62:76:bc",-89
1402409085986,"ARJANHUIJZER-PC_Network-2.4G","c4:3d:c7:91:0d:6e",-83
1402409085998,"Ziggo","ea:40:f2:94:28:dc",-88
1402409085998,"Duvel","e8:40:f2:94:28:db",-79
1402409085998,"FRITZ!Box Fon WLAN 7360","c0:25:06:5a:ed:46",-87
1402409085999,"Tele2modem-internet","00:23:54:85:fd:ca",-88
1402409086011,"FRITZ!Box Guest Access","c6:25:06:5a:ed:46",-86
1402409086011,"SitecomA1834C","00:0c:f6:a1:83:4c",-81
1402409086011,"Zy_private_E4XHWM","fc:f5:28:92:d1:cc",-84
1402409086011,"starthere","e0:91:f5:57:be:9e",-90
1402409086024,"Ziggo","72:18:8b:9c:32:dc",-87
1402409086024,"Ziggo60CCB","70:18:8b:9c:32:db",-85
1402409086024,"chmwidor","98:fc:11:6f:06:8a",-88
1402409086024,"StLucia","b8:62:1f:50:f9:46",-90
1402409086037,"Biomineral","08:96:d7:30:55:10",-90
1402409086037,"Westdijk Web","00:0c:f6:a0:b8:4c",-85
1402409086037,"HG655D-8561AB","82:b6:86:85:61:a8",-92
1402409086049,"utrecht3515-2","00:25:9c:4d:02:50",-67
1402409086049,"Online gast","ba:8d:12:62:61:46",-87
1402409086049,"CORRYHENK","00:18:f6:ec:07:28",-89
1402409086050,"Mineel","5c:96:9d:66:3e:31",-90
1402409087070,"Wi-Fi-netwerk van R. Kaasenbrood","90:72:40:14:54:58",-63
1402409087071,"utrecht3515","84:9c:a6:63:e0:86",-74
1402409087111,"SpeedTouch367917","00:18:f6:67:52:c6",-66
1402409087112,"Vlinder","84:9c:a6:b4:da:52",-81
1402409087112,"Wi-Fi-netwerk van R. Kaasenbrood","90:72:40:14:54:59",-83
1402409087139,"Mr-Brown","7a:cb:a8:62:76:bc",-89
1402409087139,"ARJANHUIJZER-PC_Network-2.4G","c4:3d:c7:91:0d:6e",-83
1402409087139,"Duvel","e8:40:f2:94:28:db",-79
1402409087139,"FRITZ!Box Fon WLAN 7360","c0:25:06:5a:ed:46",-85
1402409087151,"Tele2modem-internet","00:23:54:85:fd:ca",-91
1402409087151,"FRITZ!Box Guest Access","c6:25:06:5a:ed:46",-86
1402409087151,"SitecomA1834C","00:0c:f6:a1:83:4c",-79
1402409087164,"Zy_private_E4XHWM","fc:f5:28:92:d1:cc",-84
1402409087164,"starthere","e0:91:f5:57:be:9e",-90
1402409087164,"Ziggo","72:18:8b:9c:32:dc",-87
1402409087164,"Ziggo60CCB","70:18:8b:9c:32:db",-85
1402409087177,"chmwidor","98:fc:11:6f:06:8a",-88
1402409087177,"StLucia","b8:62:1f:50:f9:46",-89
1402409087177,"Biomineral","08:96:d7:30:55:10",-90
1402409087177,"Westdijk Web","00:0c:f6:a0:b8:4c",-85
1402409087189,"HG655D-8561AB","82:b6:86:85:61:a8",-92
1402409087190,"utrecht3515-2","00:25:9c:4d:02:50",-67
1402409087190,"Online gast","ba:8d:12:62:61:46",-87
1402409087202,"CORRYHENK","00:18:f6:ec:07:28",-90
1402409087202,"Mineel","5c:96:9d:66:3e:31",-90
1402409087202,"ARJANHUIJZER-PC_Network","c4:3d:c7:91:0d:70",-95
1402409088222,"Wi-Fi-netwerk van R. Kaasenbrood","90:72:40:14:54:58",-53
1402409088223,"utrecht3515","84:9c:a6:63:e0:86",-73
1402409088269,"SpeedTouch367917","00:18:f6:67:52:c6",-60
1402409088269,"Vlinder","84:9c:a6:b4:da:52",-84
1402409088270,"Wi-Fi-netwerk van R. Kaasenbrood","90:72:40:14:54:59",-70
1402409088291,"Mr-Brown","7a:cb:a8:62:76:bc",-87
1402409088291,"ARJANHUIJZER-PC_Network-2.4G","c4:3d:c7:91:0d:6e",-87
1402409088291,"Duvel","e8:40:f2:94:28:db",-79
1402409088304,"FRITZ!Box Fon WLAN 7360","c0:25:06:5a:ed:46",-84
1402409088304,"Tele2modem-internet","00:23:54:85:fd:ca",-90
1402409088304,"FRITZ!Box Guest Access","c6:25:06:5a:ed:46",-86
1402409088316,"SitecomA1834C","00:0c:f6:a1:83:4c",-79
1402409088316,"Zy_private_E4XHWM","fc:f5:28:92:d1:cc",-84
1402409088317,"starthere","e0:91:f5:57:be:9e",-90
1402409088329,"Ziggo","72:18:8b:9c:32:dc",-87
1402409088329,"Ziggo60CCB","70:18:8b:9c:32:db",-85
1402409088329,"StLucia","b8:62:1f:50:f9:46",-88
1402409088342,"Biomineral","08:96:d7:30:55:10",-90
1402409088342,"Westdijk Web","00:0c:f6:a0:b8:4c",-85
1402409088354,"HG655D-8561AB","82:b6:86:85:61:a8",-90
1402409088355,"utrecht3515-2","00:25:9c:4d:02:50",-67
1402409088355,"Online gast","ba:8d:12:62:61:46",-87
1402409088355,"CORRYHENK","00:18:f6:ec:07:28",-90
1402409088368,"Mineel","5c:96:9d:66:3e:31",-90
1402409088368,"ARJANHUIJZER-PC_Network","c4:3d:c7:91:0d:70",-93
1402409088368,"FRITZ!Box Fon WLAN 7340","bc:05:43:6f:ca:ae",-87
1402409088382,"tom hart","00:25:86:c6:0d:04",-90
1402409089391,"Wi-Fi-netwerk van R. Kaasenbrood","90:72:40:14:54:58",-51
1402409089404,"utrecht3515","84:9c:a6:63:e0:86",-73
1402409089404,"SpeedTouch367917","00:18:f6:67:52:c6",-62
1402409089417,"Vlinder","84:9c:a6:b4:da:52",-80
1402409089417,"Wi-Fi-netwerk van R. Kaasenbrood","90:72:40:14:54:59",-64
1402409089417,"Mr-Brown","7a:cb:a8:62:76:bc",-86
1402409089417,"ARJANHUIJZER-PC_Network-2.4G","c4:3d:c7:91:0d:6e",-85
1402409089430,"Duvel","e8:40:f2:94:28:db",-82
1402409089430,"FRITZ!Box Fon WLAN 7360","c0:25:06:5a:ed:46",-84
1402409089442,"Tele2modem-internet","00:23:54:85:fd:ca",-87
1402409089442,"FRITZ!Box Guest Access","c6:25:06:5a:ed:46",-83
1402409089442,"SitecomA1834C","00:0c:f6:a1:83:4c",-79
1402409089454,"Zy_private_E4XHWM","fc:f5:28:92:d1:cc",-85
1402409089454,"starthere","e0:91:f5:57:be:9e",-90
1402409089455,"StLucia","b8:62:1f:50:f9:46",-88
1402409089466,"Biomineral","08:96:d7:30:55:10",-90
1402409089467,"Westdijk Web","00:0c:f6:a0:b8:4c",-85
1402409089467,"HG655D-8561AB","82:b6:86:85:61:a8",-90
1402409089479,"utrecht3515-2","00:25:9c:4d:02:50",-67
1402409089479,"Online gast","ba:8d:12:62:61:46",-87
1402409089479,"CORRYHENK","00:18:f6:ec:07:28",-90
1402409089491,"Mineel","5c:96:9d:66:3e:31",-90
1402409089491,"ARJANHUIJZER-PC_Network","c4:3d:c7:91:0d:70",-95
1402409089491,"FRITZ!Box Fon WLAN 7340","bc:05:43:6f:ca:ae",-87
1402409089512,"tom hart","00:25:86:c6:0d:04",-90
1402409089513,"Ziggo","ea:40:f2:94:28:dc",-82
1402409089544,"H220N8068C4","fc:c8:97:80:68:c4",-84
1402409089544,"Zy_private_CEXC","fc:f5:28:bd:5a:b4",-88
1402409089545,"","00:10:c6:39:97:13",-90
1402409090591,"Wi-Fi-netwerk van R. Kaasenbrood","90:72:40:14:54:58",-51
1402409090630,"utrecht3515","84:9c:a6:63:e0:86",-73
1402409090630,"SpeedTouch367917","00:18:f6:67:52:c6",-62
1402409090630,"Vlinder","84:9c:a6:b4:da:52",-82
1402409090643,"Wi-Fi-netwerk van R. Kaasenbrood","90:72:40:14:54:59",-66
1402409090643,"Mr-Brown","7a:cb:a8:62:76:bc",-86
1402409090656,"ARJANHUIJZER-PC_Network-2.4G","c4:3d:c7:91:0d:6e",-83
1402409090656,"Duvel","e8:40:f2:94:28:db",-82
1402409090669,"FRITZ!Box Fon WLAN 7360","c0:25:06:5a:ed:46",-84
1402409090669,"Tele2modem-internet","00:23:54:85:fd:ca",-87
1402409090681,"FRITZ!Box Guest Access","c6:25:06:5a:ed:46",-83
1402409090681,"SitecomA1834C","00:0c:f6:a1:83:4c",-79
1402409090682,"Zy_private_E4XHWM","fc:f5:28:92:d1:cc",-84
1402409090694,"starthere","e0:91:f5:57:be:9e",-90
1402409090695,"StLucia","b8:62:1f:50:f9:46",-88
1402409090708,"Westdijk Web","00:0c:f6:a0:b8:4c",-85
1402409090708,"HG655D-8561AB","82:b6:86:85:61:a8",-90
1402409090721,"utrecht3515-2","00:25:9c:4d:02:50",-67
1402409090722,"Online gast","ba:8d:12:62:61:46",-87
1402409090735,"CORRYHENK","00:18:f6:ec:07:28",-84
1402409090735,"Mineel","5c:96:9d:66:3e:31",-90
1402409090748,"ARJANHUIJZER-PC_Network","c4:3d:c7:91:0d:70",-95
1402409090748,"FRITZ!Box Fon WLAN 7340","bc:05:43:6f:ca:ae",-87
1402409090760,"tom hart","00:25:86:c6:0d:04",-90
1402409090760,"Ziggo","ea:40:f2:94:28:dc",-82
1402409090785,"H220N8068C4","fc:c8:97:80:68:c4",-84
1402409090786,"Zy_private_CEXC","fc:f5:28:bd:5a:b4",-88
1402409090808,"","00:10:c6:39:97:13",-90
1402409090808,"Sitecom4C0AF6","00:0c:f6:4c:0a:f6",-86
1402409090820,"FRITZ!Box Fon WLAN 7360","9c:c7:a6:47:c8:12",-87
1402409090820,"TP-LINK_9F58A2","10:fe:ed:9f:58:a2",-91
1402409091847,"Wi-Fi-netwerk van R. Kaasenbrood","90:72:40:14:54:58",-52
1402409091849,"utrecht3515","84:9c:a6:63:e0:86",-73
1402409091884,"SpeedTouch367917","00:18:f6:67:52:c6",-58
1402409091885,"Vlinder","84:9c:a6:b4:da:52",-82
1402409091885,"Wi-Fi-netwerk van R. Kaasenbrood","90:72:40:14:54:59",-66
1402409091913,"Mr-Brown","7a:cb:a8:62:76:bc",-86
1402409091913,"ARJANHUIJZER-PC_Network-2.4G","c4:3d:c7:91:0d:6e",-81
1402409091913,"Duvel","e8:40:f2:94:28:db",-82
1402409091926,"FRITZ!Box Fon WLAN 7360","c0:25:06:5a:ed:46",-84
1402409091926,"Tele2modem-internet","00:23:54:85:fd:ca",-87
1402409091926,"FRITZ!Box Guest Access","c6:25:06:5a:ed:46",-87
1402409091938,"SitecomA1834C","00:0c:f6:a1:83:4c",-79
1402409091938,"Zy_private_E4XHWM","fc:f5:28:92:d1:cc",-85
1402409091939,"starthere","e0:91:f5:57:be:9e",-92
1402409091951,"StLucia","b8:62:1f:50:f9:46",-88
1402409091951,"HG655D-8561AB","82:b6:86:85:61:a8",-85
1402409091963,"utrecht3515-2","00:25:9c:4d:02:50",-67
1402409091963,"Online gast","ba:8d:12:62:61:46",-87
1402409091963,"CORRYHENK","00:18:f6:ec:07:28",-84
1402409091976,"Mineel","5c:96:9d:66:3e:31",-90
1402409091976,"ARJANHUIJZER-PC_Network","c4:3d:c7:91:0d:70",-97
1402409091976,"FRITZ!Box Fon WLAN 7340","bc:05:43:6f:ca:ae",-87
1402409091988,"tom hart","00:25:86:c6:0d:04",-90
1402409091988,"Ziggo","ea:40:f2:94:28:dc",-82
1402409091988,"H220N8068C4","fc:c8:97:80:68:c4",-84
1402409092000,"Zy_private_CEXC","fc:f5:28:bd:5a:b4",-88
1402409092001,"","00:10:c6:39:97:13",-90
1402409092001,"Sitecom4C0AF6","00:0c:f6:4c:0a:f6",-86
1402409092013,"FRITZ!Box Fon WLAN 7360","9c:c7:a6:47:c8:12",-87
1402409092013,"TP-LINK_9F58A2","10:fe:ed:9f:58:a2",-91
1402409092013,"FRITZ!Box Fon WLAN 7340","bc:05:43:f2:f7:0f",-88
1402409093026,"Wi-Fi-netwerk van R. Kaasenbrood","90:72:40:14:54:58",-55
1402409093027,"utrecht3515","84:9c:a6:63:e0:86",-73
1402409093045,"SpeedTouch367917","00:18:f6:67:52:c6",-59
1402409093045,"Vlinder","84:9c:a6:b4:da:52",-82
1402409093057,"Wi-Fi-netwerk van R. Kaasenbrood","90:72:40:14:54:59",-62
1402409093058,"Mr-Brown","7a:cb:a8:62:76:bc",-86
1402409093058,"ARJANHUIJZER-PC_Network-2.4G","c4:3d:c7:91:0d:6e",-79
1402409093088,"Duvel","e8:40:f2:94:28:db",-82
1402409093089,"FRITZ!Box Fon WLAN 7360","c0:25:06:5a:ed:46",-84
1402409093111,"Tele2modem-internet","00:23:54:85:fd:ca",-87
1402409093111,"FRITZ!Box Guest Access","c6:25:06:5a:ed:46",-87
1402409093123,"SitecomA1834C","00:0c:f6:a1:83:4c",-83
1402409093123,"Zy_private_E4XHWM","fc:f5:28:92:d1:cc",-88
1402409093135,"starthere","e0:91:f5:57:be:9e",-80
1402409093135,"StLucia","b8:62:1f:50:f9:46",-88
1402409093147,"HG655D-8561AB","82:b6:86:85:61:a8",-85
1402409093147,"Online gast","ba:8d:12:62:61:46",-88
1402409093159,"CORRYHENK","00:18:f6:ec:07:28",-88
1402409093159,"ARJANHUIJZER-PC_Network","c4:3d:c7:91:0d:70",-97
1402409093171,"FRITZ!Box Fon WLAN 7340","bc:05:43:6f:ca:ae",-87
1402409093171,"tom hart","00:25:86:c6:0d:04",-90
1402409093183,"Ziggo","ea:40:f2:94:28:dc",-82
1402409093183,"H220N8068C4","fc:c8:97:80:68:c4",-84
1402409093195,"Zy_private_CEXC","fc:f5:28:bd:5a:b4",-88
1402409093195,"","00:10:c6:39:97:13",-90
1402409093207,"Sitecom4C0AF6","00:0c:f6:4c:0a:f6",-86
1402409093207,"FRITZ!Box Fon WLAN 7360","9c:c7:a6:47:c8:12",-87
1402409093219,"TP-LINK_9F58A2","10:fe:ed:9f:58:a2",-91
1402409093219,"FRITZ!Box Fon WLAN 7340","bc:05:43:f2:f7:0f",-88
1402409093231,"Online","b8:8d:12:62:61:45",-84
1402409093231,"Westdijk Web","00:0c:f6:a0:b8:4c",-87
1402409093243,"LG-IK","fc:f5:28:1d:7a:2c",-90
1402409094393,"Wi-Fi-netwerk van R. Kaasenbrood","90:72:40:14:54:58",-54
1402409094396,"utrecht3515","84:9c:a6:63:e0:86",-73
1402409094410,"SpeedTouch367917","00:18:f6:67:52:c6",-55
1402409094410,"Vlinder","84:9c:a6:b4:da:52",-82
1402409094441,"Wi-Fi-netwerk van R. Kaasenbrood","90:72:40:14:54:59",-66
1402409094442,"Mr-Brown","7a:cb:a8:62:76:bc",-83
1402409094462,"ARJANHUIJZER-PC_Network-2.4G","c4:3d:c7:91:0d:6e",-86
1402409094462,"Duvel","e8:40:f2:94:28:db",-87
1402409094474,"FRITZ!Box Fon WLAN 7360","c0:25:06:5a:ed:46",-83
1402409094474,"Tele2modem-internet","00:23:54:85:fd:ca",-88
1402409094486,"FRITZ!Box Guest Access","c6:25:06:5a:ed:46",-82
1402409094498,"SitecomA1834C","00:0c:f6:a1:83:4c",-83
1402409094498,"Zy_private_E4XHWM","fc:f5:28:92:d1:cc",-86
1402409094499,"starthere","e0:91:f5:57:be:9e",-80
1402409094510,"StLucia","b8:62:1f:50:f9:46",-88
1402409094511,"HG655D-8561AB","82:b6:86:85:61:a8",-85
1402409094523,"Online gast","ba:8d:12:62:61:46",-84
1402409094523,"CORRYHENK","00:18:f6:ec:07:28",-83
1402409094535,"ARJANHUIJZER-PC_Network","c4:3d:c7:91:0d:70",-97
1402409094547,"FRITZ!Box Fon WLAN 7340","bc:05:43:6f:ca:ae",-84
1402409094547,"tom hart","00:25:86:c6:0d:04",-90
1402409094548,"Ziggo","ea:40:f2:94:28:dc",-84
1402409094560,"H220N8068C4","fc:c8:97:80:68:c4",-84
1402409094560,"Zy_private_CEXC","fc:f5:28:bd:5a:b4",-88
1402409094572,"","00:10:c6:39:97:13",-90
1402409094572,"Sitecom4C0AF6","00:0c:f6:4c:0a:f6",-86
1402409094584,"FRITZ!Box Fon WLAN 7360","9c:c7:a6:47:c8:12",-87
1402409094596,"TP-LINK_9F58A2","10:fe:ed:9f:58:a2",-91
1402409094608,"FRITZ!Box Fon WLAN 7340","bc:05:43:f2:f7:0f",-88
1402409094609,"Online","b8:8d:12:62:61:45",-84
1402409094621,"Westdijk Web","00:0c:f6:a0:b8:4c",-87
1402409094633,"LG-IK","fc:f5:28:1d:7a:2c",-86
1402409094645,"Sitecom","00:0c:f6:3b:9a:04",-84
1402409095857,"Wi-Fi-netwerk van R. Kaasenbrood","90:72:40:14:54:58",-55
1402409095875,"utrecht3515","84:9c:a6:63:e0:86",-75
1402409095887,"SpeedTouch367917","00:18:f6:67:52:c6",-55
1402409095888,"Vlinder","84:9c:a6:b4:da:52",-81
1402409095900,"Wi-Fi-netwerk van R. Kaasenbrood","90:72:40:14:54:59",-70
1402409095900,"Mr-Brown","7a:cb:a8:62:76:bc",-80
1402409095912,"ARJANHUIJZER-PC_Network-2.4G","c4:3d:c7:91:0d:6e",-82
1402409095912,"Duvel","e8:40:f2:94:28:db",-83
1402409095924,"FRITZ!Box Fon WLAN 7360","c0:25:06:5a:ed:46",-79
1402409095924,"Tele2modem-internet","00:23:54:85:fd:ca",-81
1402409095936,"FRITZ!Box Guest Access","c6:25:06:5a:ed:46",-81
1402409095948,"SitecomA1834C","00:0c:f6:a1:83:4c",-80
1402409095949,"Zy_private_E4XHWM","fc:f5:28:92:d1:cc",-86
1402409095961,"starthere","e0:91:f5:57:be:9e",-80
1402409095961,"HG655D-8561AB","82:b6:86:85:61:a8",-85
1402409095973,"Online gast","ba:8d:12:62:61:46",-84
1402409095973,"CORRYHENK","00:18:f6:ec:07:28",-82
1402409095985,"ARJANHUIJZER-PC_Network","c4:3d:c7:91:0d:70",-97
1402409095997,"FRITZ!Box Fon WLAN 7340","bc:05:43:6f:ca:ae",-84
1402409096009,"tom hart","00:25:86:c6:0d:04",-90
1402409096021,"Ziggo","ea:40:f2:94:28:dc",-83
1402409096021,"H220N8068C4","fc:c8:97:80:68:c4",-84
1402409096033,"Zy_private_CEXC","fc:f5:28:bd:5a:b4",-88
1402409096045,"","00:10:c6:39:97:13",-90
1402409096057,"Sitecom4C0AF6","00:0c:f6:4c:0a:f6",-86
1402409096058,"FRITZ!Box Fon WLAN 7360","9c:c7:a6:47:c8:12",-87
1402409096070,"TP-LINK_9F58A2","10:fe:ed:9f:58:a2",-91
1402409096082,"FRITZ!Box Fon WLAN 7340","bc:05:43:f2:f7:0f",-88
1402409096082,"Online","b8:8d:12:62:61:45",-84
1402409096094,"Westdijk Web","00:0c:f6:a0:b8:4c",-87
1402409096106,"LG-IK","fc:f5:28:1d:7a:2c",-86
1402409096118,"Sitecom","00:0c:f6:3b:9a:04",-84
1402409096118,"Mineel","5c:96:9d:66:3e:31",-80
1402409096130,"asmb","4c:ac:0a:16:ea:58",-89
1402409097541,"Wi-Fi-netwerk van R. Kaasenbrood","90:72:40:14:54:58",-64
1402409097554,"utrecht3515","84:9c:a6:63:e0:86",-75
1402409097567,"SpeedTouch367917","00:18:f6:67:52:c6",-60
1402409097579,"Vlinder","84:9c:a6:b4:da:52",-81
1402409097591,"Wi-Fi-netwerk van R. Kaasenbrood","90:72:40:14:54:59",-76
1402409097591,"Mr-Brown","7a:cb:a8:62:76:bc",-81
1402409097604,"ARJANHUIJZER-PC_Network-2.4G","c4:3d:c7:91:0d:6e",-79
1402409097616,"Duvel","e8:40:f2:94:28:db",-83
1402409097629,"FRITZ!Box Fon WLAN 7360","c0:25:06:5a:ed:46",-79
1402409097641,"Tele2modem-internet","00:23:54:85:fd:ca",-78
1402409097654,"FRITZ!Box Guest Access","c6:25:06:5a:ed:46",-81
1402409097654,"SitecomA1834C","00:0c:f6:a1:83:4c",-80
1402409097666,"Zy_private_E4XHWM","fc:f5:28:92:d1:cc",-90
1402409097679,"starthere","e0:91:f5:57:be:9e",-83
1402409097691,"HG655D-8561AB","82:b6:86:85:61:a8",-85
1402409097691,"Online gast","ba:8d:12:62:61:46",-84
1402409097703,"CORRYHENK","00:18:f6:ec:07:28",-82
1402409097716,"ARJANHUIJZER-PC_Network","c4:3d:c7:91:0d:70",-97
1402409097729,"FRITZ!Box Fon WLAN 7340","bc:05:43:6f:ca:ae",-84
1402409097741,"Ziggo","ea:40:f2:94:28:dc",-83
1402409097753,"Zy_private_CEXC","fc:f5:28:bd:5a:b4",-88
1402409097765,"","00:10:c6:39:97:13",-90
1402409097777,"Sitecom4C0AF6","00:0c:f6:4c:0a:f6",-86
1402409097789,"FRITZ!Box Fon WLAN 7360","9c:c7:a6:47:c8:12",-85
1402409097801,"TP-LINK_9F58A2","10:fe:ed:9f:58:a2",-91
1402409097813,"FRITZ!Box Fon WLAN 7340","bc:05:43:f2:f7:0f",-88
1402409097826,"Online","b8:8d:12:62:61:45",-84
1402409097838,"Westdijk Web","00:0c:f6:a0:b8:4c",-87
1402409097850,"LG-IK","fc:f5:28:1d:7a:2c",-86
1402409097862,"Sitecom","00:0c:f6:3b:9a:04",-84
1402409097874,"Mineel","5c:96:9d:66:3e:31",-80
1402409097886,"asmb","4c:ac:0a:16:ea:58",-85
1402409097898,"De Jongh Draadloos","00:1e:e5:7a:24:47",-90
1402409099337,"Wi-Fi-netwerk van R. Kaasenbrood","90:72:40:14:54:58",-68
1402409099350,"utrecht3515","84:9c:a6:63:e0:86",-72
1402409099362,"SpeedTouch367917","00:18:f6:67:52:c6",-61
1402409099374,"Vlinder","84:9c:a6:b4:da:52",-81
1402409099387,"Wi-Fi-netwerk van R. Kaasenbrood","90:72:40:14:54:59",-80
1402409099398,"Mr-Brown","7a:cb:a8:62:76:bc",-79
1402409099417,"ARJANHUIJZER-PC_Network-2.4G","c4:3d:c7:91:0d:6e",-79
1402409099440,"Duvel","e8:40:f2:94:28:db",-83
1402409099471,"FRITZ!Box Fon WLAN 7360","c0:25:06:5a:ed:46",-83
1402409099503,"Tele2modem-internet","00:23:54:85:fd:ca",-78
1402409099529,"FRITZ!Box Guest Access","c6:25:06:5a:ed:46",-84
1402409099541,"SitecomA1834C","00:0c:f6:a1:83:4c",-80
1402409099541,"Zy_private_E4XHWM","fc:f5:28:92:d1:cc",-90
1402409099564,"starthere","e0:91:f5:57:be:9e",-78
1402409099577,"HG655D-8561AB","82:b6:86:85:61:a8",-85
1402409099589,"Online gast","ba:8d:12:62:61:46",-84
1402409099589,"CORRYHENK","00:18:f6:ec:07:28",-82
1402409099613,"ARJANHUIJZER-PC_Network","c4:3d:c7:91:0d:70",-97
1402409099625,"FRITZ!Box Fon WLAN 7340","bc:05:43:6f:ca:ae",-84
1402409099638,"Ziggo","ea:40:f2:94:28:dc",-83
1402409099638,"Zy_private_CEXC","fc:f5:28:bd:5a:b4",-88
1402409099662,"","00:10:c6:39:97:13",-90
1402409099674,"FRITZ!Box Fon WLAN 7360","9c:c7:a6:47:c8:12",-85
1402409099686,"FRITZ!Box Fon WLAN 7340","bc:05:43:f2:f7:0f",-88
1402409099686,"Online","b8:8d:12:62:61:45",-84
1402409099710,"Westdijk Web","00:0c:f6:a0:b8:4c",-87
1402409099722,"LG-IK","fc:f5:28:1d:7a:2c",-86
1402409099734,"Sitecom","00:0c:f6:3b:9a:04",-84
1402409099734,"Mineel","5c:96:9d:66:3e:31",-80
1402409099758,"asmb","4c:ac:0a:16:ea:58",-88
1402409099770,"De Jongh Draadloos","00:1e:e5:7a:24:47",-88
1402409099782,"VGV7519A0F78B_EXT","10:0d:7f:78:b5:fa",-89
1402409101396,"Wi-Fi-netwerk van R. Kaasenbrood","90:72:40:14:54:58",-57
1402409101414,"utrecht3515","84:9c:a6:63:e0:86",-72
1402409101446,"SpeedTouch367917","00:18:f6:67:52:c6",-61
1402409101446,"Vlinder","84:9c:a6:b4:da:52",-84
1402409101477,"Wi-Fi-netwerk van R. Kaasenbrood","90:72:40:14:54:59",-78
1402409101489,"Mr-Brown","7a:cb:a8:62:76:bc",-82
1402409101501,"ARJANHUIJZER-PC_Network-2.4G","c4:3d:c7:91:0d:6e",-84
1402409101501,"Duvel","e8:40:f2:94:28:db",-83
1402409101525,"FRITZ!Box Fon WLAN 7360","c0:25:06:5a:ed:46",-82
1402409101537,"Tele2modem-internet","00:23:54:85:fd:ca",-81
1402409101549,"FRITZ!Box Guest Access","c6:25:06:5a:ed:46",-84
1402409101550,"SitecomA1834C","00:0c:f6:a1:83:4c",-80
1402409101573,"Zy_private_E4XHWM","fc:f5:28:92:d1:cc",-90
1402409101587,"starthere","e0:91:f5:57:be:9e",-81
1402409101599,"Online gast","ba:8d:12:62:61:46",-84
1402409101599,"CORRYHENK","00:18:f6:ec:07:28",-86
1402409101623,"ARJANHUIJZER-PC_Network","c4:3d:c7:91:0d:70",-97
1402409101635,"FRITZ!Box Fon WLAN 7340","bc:05:43:6f:ca:ae",-84
1402409101647,"Ziggo","ea:40:f2:94:28:dc",-83
1402409101659,"","00:10:c6:39:97:13",-90
1402409101672,"FRITZ!Box Fon WLAN 7360","9c:c7:a6:47:c8:12",-85
1402409101684,"LG-IK","fc:f5:28:1d:7a:2c",-86
1402409101696,"Sitecom","00:0c:f6:3b:9a:04",-84
1402409101708,"Mineel","5c:96:9d:66:3e:31",-80
1402409101720,"asmb","4c:ac:0a:16:ea:58",-88
1402409101735,"De Jongh Draadloos","00:1e:e5:7a:24:47",-88
1402409101748,"VGV7519A0F78B_EXT","10:0d:7f:78:b5:fa",-89
1402409103449,"Wi-Fi-netwerk van R. Kaasenbrood","90:72:40:14:54:58",-64
1402409103473,"utrecht3515","84:9c:a6:63:e0:86",-74
1402409103486,"SpeedTouch367917","00:18:f6:67:52:c6",-67
1402409103498,"Vlinder","84:9c:a6:b4:da:52",-87
1402409103510,"Wi-Fi-netwerk van R. Kaasenbrood","90:72:40:14:54:59",-79
1402409103522,"Mr-Brown","7a:cb:a8:62:76:bc",-85
1402409103535,"ARJANHUIJZER-PC_Network-2.4G","c4:3d:c7:91:0d:6e",-83
1402409103547,"Duvel","e8:40:f2:94:28:db",-81
1402409103559,"FRITZ!Box Fon WLAN 7360","c0:25:06:5a:ed:46",-83
1402409103571,"Tele2modem-internet","00:23:54:85:fd:ca",-81
1402409103584,"FRITZ!Box Guest Access","c6:25:06:5a:ed:46",-84
1402409103596,"SitecomA1834C","00:0c:f6:a1:83:4c",-80
1402409103607,"Zy_private_E4XHWM","fc:f5:28:92:d1:cc",-88
1402409103620,"starthere","e0:91:f5:57:be:9e",-81
1402409103632,"CORRYHENK","00:18:f6:ec:07:28",-86
1402409103644,"ARJANHUIJZER-PC_Network","c4:3d:c7:91:0d:70",-97
1402409103656,"Ziggo","ea:40:f2:94:28:dc",-83
1402409103668,"","00:10:c6:39:97:13",-90
1402409103680,"FRITZ!Box Fon WLAN 7360","9c:c7:a6:47:c8:12",-85
1402409103692,"Mineel","5c:96:9d:66:3e:31",-87
1402409103704,"asmb","4c:ac:0a:16:ea:58",-88
1402409103716,"De Jongh Draadloos","00:1e:e5:7a:24:47",-88
1402409103728,"VGV7519A0F78B_EXT","10:0d:7f:78:b5:fa",-89
1402409103740,"Online","b8:8d:12:62:61:45",-84
1402409103751,"Ziggo60CCB","70:18:8b:9c:32:db",-85
1402409103765,"FRITZ!Box Fon WLAN 7340","bc:05:43:f2:f7:0f",-89
1402409105583,"Wi-Fi-netwerk van R. Kaasenbrood","90:72:40:14:54:58",-68
1402409105606,"utrecht3515","84:9c:a6:63:e0:86",-71
1402409105617,"SpeedTouch367917","00:18:f6:67:52:c6",-67
1402409105629,"Vlinder","84:9c:a6:b4:da:52",-87
1402409105640,"Wi-Fi-netwerk van R. Kaasenbrood","90:72:40:14:54:59",-84
1402409105652,"Mr-Brown","7a:cb:a8:62:76:bc",-89
1402409105664,"ARJANHUIJZER-PC_Network-2.4G","c4:3d:c7:91:0d:6e",-87
1402409105675,"Duvel","e8:40:f2:94:28:db",-81
1402409105687,"FRITZ!Box Fon WLAN 7360","c0:25:06:5a:ed:46",-83
1402409105699,"Tele2modem-internet","00:23:54:85:fd:ca",-81
1402409105710,"FRITZ!Box Guest Access","c6:25:06:5a:ed:46",-84
1402409105753,"SitecomA1834C","00:0c:f6:a1:83:4c",-80
1402409105769,"Zy_private_E4XHWM","fc:f5:28:92:d1:cc",-84
1402409105786,"starthere","e0:91:f5:57:be:9e",-84
1402409105802,"CORRYHENK","00:18:f6:ec:07:28",-90
1402409105826,"ARJANHUIJZER-PC_Network","c4:3d:c7:91:0d:70",-97
1402409105837,"","00:10:c6:39:97:13",-90
1402409105837,"FRITZ!Box Fon WLAN 7360","9c:c7:a6:47:c8:12",-85
1402409105861,"Mineel","5c:96:9d:66:3e:31",-87
1402409105872,"asmb","4c:ac:0a:16:ea:58",-88
1402409105904,"De Jongh Draadloos","00:1e:e5:7a:24:47",-88
1402409105905,"VGV7519A0F78B_EXT","10:0d:7f:78:b5:fa",-89
1402409105961,"Online","b8:8d:12:62:61:45",-86
1402409105973,"Ziggo60CCB","70:18:8b:9c:32:db",-85
1402409105986,"FRITZ!Box Fon WLAN 7340","bc:05:43:f2:f7:0f",-89
1402409105986,"Online gast","ba:8d:12:62:61:46",-86
1402409107719,"Wi-Fi-netwerk van R. Kaasenbrood","90:72:40:14:54:58",-68
1402409107744,"utrecht3515","84:9c:a6:63:e0:86",-73
1402409107744,"SpeedTouch367917","00:18:f6:67:52:c6",-65
1402409107756,"Vlinder","84:9c:a6:b4:da:52",-87
1402409107768,"Wi-Fi-netwerk van R. Kaasenbrood","90:72:40:14:54:59",-82
1402409107780,"Mr-Brown","7a:cb:a8:62:76:bc",-87
1402409107804,"ARJANHUIJZER-PC_Network-2.4G","c4:3d:c7:91:0d:6e",-81
1402409107816,"Duvel","e8:40:f2:94:28:db",-81
1402409107816,"FRITZ!Box Fon WLAN 7360","c0:25:06:5a:ed:46",-83
1402409107840,"Tele2modem-internet","00:23:54:85:fd:ca",-81
1402409107852,"FRITZ!Box Guest Access","c6:25:06:5a:ed:46",-84
1402409107864,"SitecomA1834C","00:0c:f6:a1:83:4c",-80
1402409107864,"Zy_private_E4XHWM","fc:f5:28:92:d1:cc",-84
1402409107888,"starthere","e0:91:f5:57:be:9e",-84
1402409107900,"CORRYHENK","00:18:f6:ec:07:28",-90
1402409107912,"ARJANHUIJZER-PC_Network","c4:3d:c7:91:0d:70",-97
1402409107912,"Mineel","5c:96:9d:66:3e:31",-87
1402409107936,"asmb","4c:ac:0a:16:ea:58",-88
1402409107948,"De Jongh Draadloos","00:1e:e5:7a:24:47",-88
1402409107960,"VGV7519A0F78B_EXT","10:0d:7f:78:b5:fa",-89
1402409107960,"Online","b8:8d:12:62:61:45",-86
1402409107985,"Ziggo60CCB","70:18:8b:9c:32:db",-85
1402409107997,"FRITZ!Box Fon WLAN 7340","bc:05:43:f2:f7:0f",-89
1402409108009,"Online gast","ba:8d:12:62:61:46",-86
1402409108010,"Ziggo","72:18:8b:9c:32:dc",-88
1402409109964,"Wi-Fi-netwerk van R. Kaasenbrood","90:72:40:14:54:58",-64
1402409109978,"utrecht3515","84:9c:a6:63:e0:86",-73
1402409109993,"SpeedTouch367917","00:18:f6:67:52:c6",-64
1402409109993,"Vlinder","84:9c:a6:b4:da:52",-87
1402409110008,"Wi-Fi-netwerk van R. Kaasenbrood","90:72:40:14:54:59",-83
1402409110009,"Mr-Brown","7a:cb:a8:62:76:bc",-87
1402409110026,"ARJANHUIJZER-PC_Network-2.4G","c4:3d:c7:91:0d:6e",-87
1402409110029,"Duvel","e8:40:f2:94:28:db",-87
1402409110043,"FRITZ!Box Fon WLAN 7360","c0:25:06:5a:ed:46",-82
1402409110061,"Tele2modem-internet","00:23:54:85:fd:ca",-85
1402409110061,"FRITZ!Box Guest Access","c6:25:06:5a:ed:46",-87
1402409110080,"SitecomA1834C","00:0c:f6:a1:83:4c",-81
1402409110084,"Zy_private_E4XHWM","fc:f5:28:92:d1:cc",-89
1402409110109,"starthere","e0:91:f5:57:be:9e",-89
1402409110132,"CORRYHENK","00:18:f6:ec:07:28",-90
1402409110138,"Mineel","5c:96:9d:66:3e:31",-87
1402409110171,"asmb","4c:ac:0a:16:ea:58",-88
1402409110212,"Online","b8:8d:12:62:61:45",-86
1402409110212,"Ziggo60CCB","70:18:8b:9c:32:db",-85
1402409110224,"FRITZ!Box Fon WLAN 7340","bc:05:43:f2:f7:0f",-89
1402409110229,"Online gast","ba:8d:12:62:61:46",-86
1402409110260,"Ziggo","72:18:8b:9c:32:dc",-88
1402409112124,"Wi-Fi-netwerk van R. Kaasenbrood","90:72:40:14:54:58",-68
1402409112137,"utrecht3515","84:9c:a6:63:e0:86",-70
1402409112150,"SpeedTouch367917","00:18:f6:67:52:c6",-63
1402409112150,"Vlinder","84:9c:a6:b4:da:52",-85
1402409112185,"Wi-Fi-netwerk van R. Kaasenbrood","90:72:40:14:54:59",-93
1402409112185,"Mr-Brown","7a:cb:a8:62:76:bc",-87
1402409112211,"ARJANHUIJZER-PC_Network-2.4G","c4:3d:c7:91:0d:6e",-83
1402409112211,"Duvel","e8:40:f2:94:28:db",-85
1402409112225,"FRITZ!Box Fon WLAN 7360","c0:25:06:5a:ed:46",-82
1402409112228,"Tele2modem-internet","00:23:54:85:fd:ca",-83
1402409112240,"FRITZ!Box Guest Access","c6:25:06:5a:ed:46",-87
1402409112254,"SitecomA1834C","00:0c:f6:a1:83:4c",-81
1402409112256,"Zy_private_E4XHWM","fc:f5:28:92:d1:cc",-86
1402409112269,"starthere","e0:91:f5:57:be:9e",-89
1402409112286,"CORRYHENK","00:18:f6:ec:07:28",-90
1402409112305,"Mineel","5c:96:9d:66:3e:31",-87
1402409112305,"Online","b8:8d:12:62:61:45",-86
1402409112320,"Ziggo60CCB","70:18:8b:9c:32:db",-85
1402409112320,"FRITZ!Box Fon WLAN 7340","bc:05:43:f2:f7:0f",-89
1402409112332,"Online gast","ba:8d:12:62:61:46",-86
1402409112344,"Ziggo","72:18:8b:9c:32:dc",-88
1402409112359,"Ziggo","ea:40:f2:94:28:dc",-86
1402409112359,"SpeedTouch8EC007","00:14:7f:72:a7:46",-89
1402409112373,"HG655D-8561AB","82:b6:86:85:61:a8",-90
1402409112385,"FRITZ!Box Fon WLAN 7360","9c:c7:a6:47:c8:12",-91
1402409114366,"Wi-Fi-netwerk van R. Kaasenbrood","90:72:40:14:54:58",-79
1402409114379,"utrecht3515","84:9c:a6:63:e0:86",-78
1402409114394,"SpeedTouch367917","00:18:f6:67:52:c6",-72
1402409114395,"Vlinder","84:9c:a6:b4:da:52",-85
1402409114410,"Wi-Fi-netwerk van R. Kaasenbrood","90:72:40:14:54:59",-90
1402409114422,"Mr-Brown","7a:cb:a8:62:76:bc",-92
1402409114422,"ARJANHUIJZER-PC_Network-2.4G","c4:3d:c7:91:0d:6e",-83
1402409114437,"Duvel","e8:40:f2:94:28:db",-80
1402409114437,"FRITZ!Box Fon WLAN 7360","c0:25:06:5a:ed:46",-83
1402409114450,"Tele2modem-internet","00:23:54:85:fd:ca",-85
1402409114463,"FRITZ!Box Guest Access","c6:25:06:5a:ed:46",-84
1402409114477,"SitecomA1834C","00:0c:f6:a1:83:4c",-81
1402409114477,"Zy_private_E4XHWM","fc:f5:28:92:d1:cc",-86
1402409114492,"starthere","e0:91:f5:57:be:9e",-89
1402409114504,"CORRYHENK","00:18:f6:ec:07:28",-90
1402409114504,"Online","b8:8d:12:62:61:45",-87
1402409114518,"Ziggo60CCB","70:18:8b:9c:32:db",-85
1402409114530,"Online gast","ba:8d:12:62:61:46",-86
1402409114531,"Ziggo","72:18:8b:9c:32:dc",-88
1402409114545,"Ziggo","ea:40:f2:94:28:dc",-79
1402409114557,"SpeedTouch8EC007","00:14:7f:72:a7:46",-89
1402409114557,"HG655D-8561AB","82:b6:86:85:61:a8",-90
1402409114572,"FRITZ!Box Fon WLAN 7360","9c:c7:a6:47:c8:12",-85
1402409116610,"Wi-Fi-netwerk van R. Kaasenbrood","90:72:40:14:54:58",-69
1402409116623,"utrecht3515","84:9c:a6:63:e0:86",-78
1402409116636,"SpeedTouch367917","00:18:f6:67:52:c6",-60
1402409116648,"Vlinder","84:9c:a6:b4:da:52",-85
1402409116648,"Wi-Fi-netwerk van R. Kaasenbrood","90:72:40:14:54:59",-84
1402409116684,"Mr-Brown","7a:cb:a8:62:76:bc",-88
1402409116696,"ARJANHUIJZER-PC_Network-2.4G","c4:3d:c7:91:0d:6e",-83
1402409116696,"Duvel","e8:40:f2:94:28:db",-75
1402409116714,"FRITZ!Box Fon WLAN 7360","c0:25:06:5a:ed:46",-83
1402409116745,"Tele2modem-internet","00:23:54:85:fd:ca",-78
1402409116746,"FRITZ!Box Guest Access","c6:25:06:5a:ed:46",-84
1402409116761,"Zy_private_E4XHWM","fc:f5:28:92:d1:cc",-89
1402409116793,"Online","b8:8d:12:62:61:45",-87
1402409116794,"Ziggo60CCB","70:18:8b:9c:32:db",-85
1402409116813,"Ziggo","ea:40:f2:94:28:dc",-74
1402409116847,"SpeedTouch8EC007","00:14:7f:72:a7:46",-89
1402409116848,"HG655D-8561AB","82:b6:86:85:61:a8",-90
1402409116890,"FRITZ!Box Fon WLAN 7360","9c:c7:a6:47:c8:12",-85
1402409116933,"LG-IK","fc:f5:28:1d:7a:2c",-92
1402409116934,"ARJANHUIJZER-PC_Network","c4:3d:c7:91:0d:70",-98
1402409116968,"","00:10:c6:39:97:13",-91
1402409119037,"Wi-Fi-netwerk van R. Kaasenbrood","90:72:40:14:54:58",-60
1402409119050,"utrecht3515","84:9c:a6:63:e0:86",-71
1402409119066,"SpeedTouch367917","00:18:f6:67:52:c6",-65
1402409119097,"Vlinder","84:9c:a6:b4:da:52",-76
1402409119109,"Wi-Fi-netwerk van R. Kaasenbrood","90:72:40:14:54:59",-81
1402409119121,"Mr-Brown","7a:cb:a8:62:76:bc",-88
1402409119133,"ARJANHUIJZER-PC_Network-2.4G","c4:3d:c7:91:0d:6e",-83
1402409119144,"Duvel","e8:40:f2:94:28:db",-72
1402409119145,"FRITZ!Box Fon WLAN 7360","c0:25:06:5a:ed:46",-85
1402409119160,"Tele2modem-internet","00:23:54:85:fd:ca",-89
1402409119191,"FRITZ!Box Guest Access","c6:25:06:5a:ed:46",-84
1402409119191,"Zy_private_E4XHWM","fc:f5:28:92:d1:cc",-89
1402409119213,"Online","b8:8d:12:62:61:45",-87
1402409119229,"Ziggo60CCB","70:18:8b:9c:32:db",-85
1402409119243,"Ziggo","ea:40:f2:94:28:dc",-72
1402409119243,"SpeedTouch8EC007","00:14:7f:72:a7:46",-89
1402409119260,"HG655D-8561AB","82:b6:86:85:61:a8",-90
1402409119274,"FRITZ!Box Fon WLAN 7360","9c:c7:a6:47:c8:12",-85
1402409119291,"LG-IK","fc:f5:28:1d:7a:2c",-92
1402409119309,"ARJANHUIJZER-PC_Network","c4:3d:c7:91:0d:70",-98
1402409119309,"","00:10:c6:39:97:13",-91
1402409119331,"utrecht3515-2","00:25:9c:4d:02:50",-81
1402409119343,"FRITZ!Box Fon WLAN 7340","bc:05:43:6f:ca:ae",-81
1402409119355,"SitecomA1834C","00:0c:f6:a1:83:4c",-83
1402409119355,"Mineel","5c:96:9d:66:3e:31",-83
1402409119381,"Sitecom","00:0c:f6:3b:9a:04",-86
1402409119394,"De Jongh Draadloos","00:1e:e5:7a:24:47",-87
1402409119394,"Online gast","ba:8d:12:62:61:46",-89
1402409119428,"CORRYHENK","00:18:f6:ec:07:28",-91
1402409121644,"Wi-Fi-netwerk van R. Kaasenbrood","90:72:40:14:54:58",-65
1402409121657,"utrecht3515","84:9c:a6:63:e0:86",-71
1402409121673,"SpeedTouch367917","00:18:f6:67:52:c6",-69
1402409121705,"Vlinder","84:9c:a6:b4:da:52",-76
1402409121736,"Wi-Fi-netwerk van R. Kaasenbrood","90:72:40:14:54:59",-76
1402409121738,"Mr-Brown","7a:cb:a8:62:76:bc",-88
1402409121753,"ARJANHUIJZER-PC_Network-2.4G","c4:3d:c7:91:0d:6e",-79
1402409121785,"Duvel","e8:40:f2:94:28:db",-76
1402409121809,"FRITZ!Box Fon WLAN 7360","c0:25:06:5a:ed:46",-82
1402409121810,"Tele2modem-internet","00:23:54:85:fd:ca",-87
1402409121828,"FRITZ!Box Guest Access","c6:25:06:5a:ed:46",-82
1402409121840,"Zy_private_E4XHWM","fc:f5:28:92:d1:cc",-90
1402409121840,"Online","b8:8d:12:62:61:45",-87
1402409121861,"Ziggo60CCB","70:18:8b:9c:32:db",-85
1402409121873,"Ziggo","ea:40:f2:94:28:dc",-76
1402409121885,"SpeedTouch8EC007","00:14:7f:72:a7:46",-89
1402409121886,"HG655D-8561AB","82:b6:86:85:61:a8",-90
1402409121909,"FRITZ!Box Fon WLAN 7360","9c:c7:a6:47:c8:12",-85
1402409121921,"LG-IK","fc:f5:28:1d:7a:2c",-88
1402409121933,"ARJANHUIJZER-PC_Network","c4:3d:c7:91:0d:70",-98
1402409121933,"","00:10:c6:39:97:13",-91
1402409121964,"utrecht3515-2","00:25:9c:4d:02:50",-81
1402409121976,"FRITZ!Box Fon WLAN 7340","bc:05:43:6f:ca:ae",-81
1402409121976,"SitecomA1834C","00:0c:f6:a1:83:4c",-76
1402409122012,"Mineel","5c:96:9d:66:3e:31",-83
1402409122031,"Sitecom","00:0c:f6:3b:9a:04",-86
1402409122050,"De Jongh Draadloos","00:1e:e5:7a:24:47",-87
1402409122051,"Online gast","ba:8d:12:62:61:46",-89
1402409122088,"CORRYHENK","00:18:f6:ec:07:28",-91
1402409122113,"tom hart","00:25:86:c6:0d:04",-93
1402409124429,"Wi-Fi-netwerk van R. Kaasenbrood","90:72:40:14:54:58",-61
1402409124442,"utrecht3515","84:9c:a6:63:e0:86",-69
1402409124455,"SpeedTouch367917","00:18:f6:67:52:c6",-64
1402409124467,"Vlinder","84:9c:a6:b4:da:52",-79
1402409124503,"Wi-Fi-netwerk van R. Kaasenbrood","90:72:40:14:54:59",-80
1402409124515,"Mr-Brown","7a:cb:a8:62:76:bc",-88
1402409124527,"ARJANHUIJZER-PC_Network-2.4G","c4:3d:c7:91:0d:6e",-81
1402409124540,"Duvel","e8:40:f2:94:28:db",-75
1402409124552,"FRITZ!Box Fon WLAN 7360","c0:25:06:5a:ed:46",-82
1402409124552,"Tele2modem-internet","00:23:54:85:fd:ca",-88
1402409124588,"FRITZ!Box Guest Access","c6:25:06:5a:ed:46",-83
1402409124600,"Zy_private_E4XHWM","fc:f5:28:92:d1:cc",-86
1402409124615,"Online","b8:8d:12:62:61:45",-87
1402409124616,"Ziggo","ea:40:f2:94:28:dc",-76
1402409124630,"FRITZ!Box Fon WLAN 7360","9c:c7:a6:47:c8:12",-84
1402409124645,"LG-IK","fc:f5:28:1d:7a:2c",-88
1402409124663,"ARJANHUIJZER-PC_Network","c4:3d:c7:91:0d:70",-98
1402409124727,"","00:10:c6:39:97:13",-91
1402409124730,"utrecht3515-2","00:25:9c:4d:02:50",-81
1402409124743,"FRITZ!Box Fon WLAN 7340","bc:05:43:6f:ca:ae",-81
1402409124773,"SitecomA1834C","00:0c:f6:a1:83:4c",-76
1402409124788,"Mineel","5c:96:9d:66:3e:31",-83
1402409124802,"Sitecom","00:0c:f6:3b:9a:04",-86
1402409124805,"De Jongh Draadloos","00:1e:e5:7a:24:47",-87
1402409124822,"Online gast","ba:8d:12:62:61:46",-89
1402409124844,"CORRYHENK","00:18:f6:ec:07:28",-91
1402409124862,"tom hart","00:25:86:c6:0d:04",-93
1402409127245,"Wi-Fi-netwerk van R. Kaasenbrood","90:72:40:14:54:58",-57
1402409127257,"utrecht3515","84:9c:a6:63:e0:86",-68
1402409127271,"SpeedTouch367917","00:18:f6:67:52:c6",-63
1402409127283,"Vlinder","84:9c:a6:b4:da:52",-78
1402409127319,"Wi-Fi-netwerk van R. Kaasenbrood","90:72:40:14:54:59",-78
1402409127331,"Mr-Brown","7a:cb:a8:62:76:bc",-88
1402409127343,"ARJANHUIJZER-PC_Network-2.4G","c4:3d:c7:91:0d:6e",-81
1402409127355,"Duvel","e8:40:f2:94:28:db",-78
1402409127392,"FRITZ!Box Fon WLAN 7360","c0:25:06:5a:ed:46",-82
1402409127397,"Tele2modem-internet","00:23:54:85:fd:ca",-89
1402409127414,"FRITZ!Box Guest Access","c6:25:06:5a:ed:46",-85
1402409127430,"Zy_private_E4XHWM","fc:f5:28:92:d1:cc",-86
1402409127446,"Ziggo","ea:40:f2:94:28:dc",-80
1402409127461,"FRITZ!Box Fon WLAN 7360","9c:c7:a6:47:c8:12",-84
1402409127476,"LG-IK","fc:f5:28:1d:7a:2c",-88
1402409127478,"ARJANHUIJZER-PC_Network","c4:3d:c7:91:0d:70",-98
1402409127491,"","00:10:c6:39:97:13",-91
1402409127505,"utrecht3515-2","00:25:9c:4d:02:50",-81
1402409127526,"FRITZ!Box Fon WLAN 7340","bc:05:43:6f:ca:ae",-81
1402409127541,"SitecomA1834C","00:0c:f6:a1:83:4c",-76
1402409127568,"Mineel","5c:96:9d:66:3e:31",-83
1402409127571,"Sitecom","00:0c:f6:3b:9a:04",-86
1402409127585,"De Jongh Draadloos","00:1e:e5:7a:24:47",-87
1402409127616,"Online gast","ba:8d:12:62:61:46",-89
1402409127649,"CORRYHENK","00:18:f6:ec:07:28",-90
1402409127673,"tom hart","00:25:86:c6:0d:04",-93
1402409127685,"HOOGHWINKELNEW_EXT","64:d1:a3:20:4f:17",-82
1402409130158,"Wi-Fi-netwerk van R. Kaasenbrood","90:72:40:14:54:58",-57
1402409130170,"utrecht3515","84:9c:a6:63:e0:86",-68
1402409130182,"SpeedTouch367917","00:18:f6:67:52:c6",-63
1402409130196,"Vlinder","84:9c:a6:b4:da:52",-78
1402409130208,"Wi-Fi-netwerk van R. Kaasenbrood","90:72:40:14:54:59",-79
1402409130220,"Mr-Brown","7a:cb:a8:62:76:bc",-89
1402409130232,"ARJANHUIJZER-PC_Network-2.4G","c4:3d:c7:91:0d:6e",-84
1402409130244,"Duvel","e8:40:f2:94:28:db",-78
1402409130257,"FRITZ!Box Fon WLAN 7360","c0:25:06:5a:ed:46",-82
1402409130269,"Tele2modem-internet","00:23:54:85:fd:ca",-82
1402409130281,"FRITZ!Box Guest Access","c6:25:06:5a:ed:46",-85
1402409130293,"Zy_private_E4XHWM","fc:f5:28:92:d1:cc",-87
1402409130305,"Ziggo","ea:40:f2:94:28:dc",-80
1402409130317,"FRITZ!Box Fon WLAN 7360","9c:c7:a6:47:c8:12",-84
1402409130329,"LG-IK","fc:f5:28:1d:7a:2c",-88
1402409130342,"utrecht3515-2","00:25:9c:4d:02:50",-75
1402409130354,"FRITZ!Box Fon WLAN 7340","bc:05:43:6f:ca:ae",-81
1402409130366,"SitecomA1834C","00:0c:f6:a1:83:4c",-76
1402409130378,"Mineel","5c:96:9d:66:3e:31",-87
1402409130390,"Sitecom","00:0c:f6:3b:9a:04",-86
1402409130402,"De Jongh Draadloos","00:1e:e5:7a:24:47",-87
1402409130415,"Online gast","ba:8d:12:62:61:46",-89
1402409130427,"CORRYHENK","00:18:f6:ec:07:28",-90
1402409130439,"tom hart","00:25:86:c6:0d:04",-93
1402409130451,"HOOGHWINKELNEW_EXT","64:d1:a3:20:4f:17",-82
1402409130463,"Ziggo60CCB","70:18:8b:9c:32:db",-85
1402409130476,"starthere","e0:91:f5:57:be:9e",-87
1402409133066,"Wi-Fi-netwerk van R. Kaasenbrood","90:72:40:14:54:58",-65
1402409133079,"utrecht3515","84:9c:a6:63:e0:86",-71
1402409133092,"SpeedTouch367917","00:18:f6:67:52:c6",-64
1402409133104,"Vlinder","84:9c:a6:b4:da:52",-78
1402409133117,"Wi-Fi-netwerk van R. Kaasenbrood","90:72:40:14:54:59",-83
1402409133130,"Mr-Brown","7a:cb:a8:62:76:bc",-89
1402409133142,"ARJANHUIJZER-PC_Network-2.4G","c4:3d:c7:91:0d:6e",-84
1402409133155,"Duvel","e8:40:f2:94:28:db",-78
1402409133167,"FRITZ!Box Fon WLAN 7360","c0:25:06:5a:ed:46",-86
1402409133179,"Tele2modem-internet","00:23:54:85:fd:ca",-86
1402409133192,"FRITZ!Box Guest Access","c6:25:06:5a:ed:46",-85
1402409133204,"Zy_private_E4XHWM","fc:f5:28:92:d1:cc",-87
1402409133217,"Ziggo","ea:40:f2:94:28:dc",-80
1402409133230,"FRITZ!Box Fon WLAN 7360","9c:c7:a6:47:c8:12",-84
1402409133242,"LG-IK","fc:f5:28:1d:7a:2c",-88
1402409133254,"utrecht3515-2","00:25:9c:4d:02:50",-85
1402409133267,"FRITZ!Box Fon WLAN 7340","bc:05:43:6f:ca:ae",-81
1402409133279,"SitecomA1834C","00:0c:f6:a1:83:4c",-76
1402409133291,"Mineel","5c:96:9d:66:3e:31",-84
1402409133304,"CORRYHENK","00:18:f6:ec:07:28",-90
1402409133316,"tom hart","00:25:86:c6:0d:04",-93
1402409133329,"HOOGHWINKELNEW_EXT","64:d1:a3:20:4f:17",-82
1402409133341,"Ziggo60CCB","70:18:8b:9c:32:db",-85
1402409133353,"starthere","e0:91:f5:57:be:9e",-89
1402409133366,"Ziggo","72:18:8b:9c:32:dc",-86
1402409135968,"Wi-Fi-netwerk van R. Kaasenbrood","90:72:40:14:54:58",-68
1402409135981,"utrecht3515","84:9c:a6:63:e0:86",-71
1402409135994,"SpeedTouch367917","00:18:f6:67:52:c6",-64
1402409136018,"Vlinder","84:9c:a6:b4:da:52",-78
1402409136021,"Wi-Fi-netwerk van R. Kaasenbrood","90:72:40:14:54:59",-83
1402409136036,"Mr-Brown","7a:cb:a8:62:76:bc",-89
1402409136048,"ARJANHUIJZER-PC_Network-2.4G","c4:3d:c7:91:0d:6e",-85
1402409136060,"Duvel","e8:40:f2:94:28:db",-78
1402409136072,"FRITZ!Box Fon WLAN 7360","c0:25:06:5a:ed:46",-86
1402409136086,"Tele2modem-internet","00:23:54:85:fd:ca",-86
1402409136099,"FRITZ!Box Guest Access","c6:25:06:5a:ed:46",-85
1402409136111,"Zy_private_E4XHWM","fc:f5:28:92:d1:cc",-85
1402409136123,"Ziggo","ea:40:f2:94:28:dc",-80
1402409136136,"FRITZ!Box Fon WLAN 7360","9c:c7:a6:47:c8:12",-84
1402409136148,"LG-IK","fc:f5:28:1d:7a:2c",-88
1402409136160,"utrecht3515-2","00:25:9c:4d:02:50",-85
1402409136174,"FRITZ!Box Fon WLAN 7340","bc:05:43:6f:ca:ae",-81
1402409136187,"Mineel","5c:96:9d:66:3e:31",-82
1402409136199,"CORRYHENK","00:18:f6:ec:07:28",-90
1402409136211,"HOOGHWINKELNEW_EXT","64:d1:a3:20:4f:17",-82
1402409136224,"Ziggo60CCB","70:18:8b:9c:32:db",-85
1402409136236,"starthere","e0:91:f5:57:be:9e",-86
1402409136249,"Ziggo","72:18:8b:9c:32:dc",-86
1402409136261,"Mineel","e4:ce:8f:6c:f9:35",-82
1402409136273,"Biomineral","08:96:d7:30:55:10",-86
1402409138998,"Wi-Fi-netwerk van R. Kaasenbrood","90:72:40:14:54:58",-61
1402409139012,"utrecht3515","84:9c:a6:63:e0:86",-75
1402409139024,"SpeedTouch367917","00:18:f6:67:52:c6",-63
1402409139049,"Vlinder","84:9c:a6:b4:da:52",-78
1402409139054,"Wi-Fi-netwerk van R. Kaasenbrood","90:72:40:14:54:59",-81
1402409139086,"Mr-Brown","7a:cb:a8:62:76:bc",-89
1402409139099,"ARJANHUIJZER-PC_Network-2.4G","c4:3d:c7:91:0d:6e",-85
1402409139111,"Duvel","e8:40:f2:94:28:db",-70
1402409139123,"FRITZ!Box Fon WLAN 7360","c0:25:06:5a:ed:46",-89
1402409139136,"Tele2modem-internet","00:23:54:85:fd:ca",-81
1402409139148,"FRITZ!Box Guest Access","c6:25:06:5a:ed:46",-84
1402409139160,"Zy_private_E4XHWM","fc:f5:28:92:d1:cc",-85
1402409139173,"Ziggo","ea:40:f2:94:28:dc",-72
1402409139185,"utrecht3515-2","00:25:9c:4d:02:50",-85
1402409139198,"Mineel","5c:96:9d:66:3e:31",-79
1402409139210,"CORRYHENK","00:18:f6:ec:07:28",-90
1402409139222,"HOOGHWINKELNEW_EXT","64:d1:a3:20:4f:17",-82
1402409139235,"Ziggo60CCB","70:18:8b:9c:32:db",-85
1402409139247,"starthere","e0:91:f5:57:be:9e",-86
1402409139259,"Ziggo","72:18:8b:9c:32:dc",-86
1402409139271,"Mineel","e4:ce:8f:6c:f9:35",-82
1402409139284,"Biomineral","08:96:d7:30:55:10",-86
1402409139296,"SitecomA1834C","00:0c:f6:a1:83:4c",-80
1402409142020,"Wi-Fi-netwerk van R. Kaasenbrood","90:72:40:14:54:58",-76
1402409142033,"utrecht3515","84:9c:a6:63:e0:86",-75
1402409142046,"SpeedTouch367917","00:18:f6:67:52:c6",-63
1402409142058,"Vlinder","84:9c:a6:b4:da:52",-80
1402409142071,"Wi-Fi-netwerk van R. Kaasenbrood","90:72:40:14:54:59",-81
1402409142083,"Mr-Brown","7a:cb:a8:62:76:bc",-89
1402409142096,"ARJANHUIJZER-PC_Network-2.4G","c4:3d:c7:91:0d:6e",-83
1402409142108,"Duvel","e8:40:f2:94:28:db",-75
1402409142121,"FRITZ!Box Fon WLAN 7360","c0:25:06:5a:ed:46",-86
1402409142133,"Tele2modem-internet","00:23:54:85:fd:ca",-85
1402409142146,"FRITZ!Box Guest Access","c6:25:06:5a:ed:46",-84
1402409142158,"Zy_private_E4XHWM","fc:f5:28:92:d1:cc",-88
1402409142171,"Ziggo","ea:40:f2:94:28:dc",-72
1402409142183,"utrecht3515-2","00:25:9c:4d:02:50",-85
1402409142196,"Mineel","5c:96:9d:66:3e:31",-83
1402409142220,"Ziggo60CCB","70:18:8b:9c:32:db",-85
1402409142233,"starthere","e0:91:f5:57:be:9e",-86
1402409142238,"Ziggo","72:18:8b:9c:32:dc",-86
1402409142281,"Mineel","e4:ce:8f:6c:f9:35",-81
1402409142294,"Biomineral","08:96:d7:30:55:10",-86
1402409142306,"SitecomA1834C","00:0c:f6:a1:83:4c",-80
1402409142311,"Ziggo","3e:77:e6:32:e3:23",-89
1402409142355,"","00:10:c6:39:97:13",-89
1402409145183,"Wi-Fi-netwerk van R. Kaasenbrood","90:72:40:14:54:58",-66
1402409145197,"utrecht3515","84:9c:a6:63:e0:86",-74
1402409145202,"SpeedTouch367917","00:18:f6:67:52:c6",-65
1402409145244,"Vlinder","84:9c:a6:b4:da:52",-80
1402409145256,"Wi-Fi-netwerk van R. Kaasenbrood","90:72:40:14:54:59",-85
1402409145268,"Mr-Brown","7a:cb:a8:62:76:bc",-89
1402409145272,"ARJANHUIJZER-PC_Network-2.4G","c4:3d:c7:91:0d:6e",-83
1402409145314,"Duvel","e8:40:f2:94:28:db",-79
1402409145327,"FRITZ!Box Fon WLAN 7360","c0:25:06:5a:ed:46",-82
1402409145339,"Tele2modem-internet","00:23:54:85:fd:ca",-84
1402409145343,"FRITZ!Box Guest Access","c6:25:06:5a:ed:46",-81
1402409145374,"Zy_private_E4XHWM","fc:f5:28:92:d1:cc",-89
1402409145387,"Ziggo","ea:40:f2:94:28:dc",-78
1402409145399,"utrecht3515-2","00:25:9c:4d:02:50",-85
1402409145402,"Mineel","5c:96:9d:66:3e:31",-83
1402409145440,"Ziggo60CCB","70:18:8b:9c:32:db",-85
1402409145458,"starthere","e0:91:f5:57:be:9e",-86
1402409145476,"Ziggo","72:18:8b:9c:32:dc",-86
1402409145481,"Mineel","e4:ce:8f:6c:f9:35",-81
1402409145534,"Biomineral","08:96:d7:30:55:10",-86
1402409145555,"SitecomA1834C","00:0c:f6:a1:83:4c",-80
1402409145578,"Ziggo","3e:77:e6:32:e3:23",-89
1402409145581,"","00:10:c6:39:97:13",-90
1402409145614,"chmwidor","98:fc:11:6f:06:8a",-86
1402409145636,"CORRYHENK","00:18:f6:ec:07:28",-89
1402409145657,"H220N8068C4","fc:c8:97:80:68:c4",-90
1402409148611,"Wi-Fi-netwerk van R. Kaasenbrood","90:72:40:14:54:58",-61
1402409148624,"utrecht3515","84:9c:a6:63:e0:86",-74
1402409148637,"SpeedTouch367917","00:18:f6:67:52:c6",-63
1402409148640,"Vlinder","84:9c:a6:b4:da:52",-84
1402409148664,"Wi-Fi-netwerk van R. Kaasenbrood","90:72:40:14:54:59",-87
1402409148677,"Mr-Brown","7a:cb:a8:62:76:bc",-84
1402409148690,"ARJANHUIJZER-PC_Network-2.4G","c4:3d:c7:91:0d:6e",-88
1402409148692,"Duvel","e8:40:f2:94:28:db",-84
1402409148717,"FRITZ!Box Fon WLAN 7360","c0:25:06:5a:ed:46",-82
1402409148730,"Tele2modem-internet","00:23:54:85:fd:ca",-84
1402409148743,"FRITZ!Box Guest Access","c6:25:06:5a:ed:46",-81
1402409148745,"Zy_private_E4XHWM","fc:f5:28:92:d1:cc",-89
1402409148770,"Ziggo","ea:40:f2:94:28:dc",-78
1402409148783,"Mineel","5c:96:9d:66:3e:31",-82
1402409148796,"starthere","e0:91:f5:57:be:9e",-83
1402409148798,"Mineel","e4:ce:8f:6c:f9:35",-81
1402409148829,"SitecomA1834C","00:0c:f6:a1:83:4c",-80
1402409148842,"Ziggo","3e:77:e6:32:e3:23",-89
1402409148855,"","00:10:c6:39:97:13",-90
1402409148860,"chmwidor","98:fc:11:6f:06:8a",-86
1402409148904,"CORRYHENK","00:18:f6:ec:07:28",-89
1402409148930,"H220N8068C4","fc:c8:97:80:68:c4",-90
1402409148954,"FRITZ!Box Fon WLAN 7340","bc:05:43:f2:f7:0f",-89
1402409148960,"tom hart","00:25:86:c6:0d:04",-89
1402409151994,"Wi-Fi-netwerk van R. Kaasenbrood","90:72:40:14:54:58",-59
1402409152033,"utrecht3515","84:9c:a6:63:e0:86",-73
1402409152045,"SpeedTouch367917","00:18:f6:67:52:c6",-61
1402409152050,"Vlinder","84:9c:a6:b4:da:52",-84
1402409152078,"Wi-Fi-netwerk van R. Kaasenbrood","90:72:40:14:54:59",-87
1402409152091,"Mr-Brown","7a:cb:a8:62:76:bc",-84
1402409152105,"ARJANHUIJZER-PC_Network-2.4G","c4:3d:c7:91:0d:6e",-87
1402409152108,"Duvel","e8:40:f2:94:28:db",-84
1402409152130,"FRITZ!Box Fon WLAN 7360","c0:25:06:5a:ed:46",-86
1402409152142,"Tele2modem-internet","00:23:54:85:fd:ca",-89
1402409152162,"FRITZ!Box Guest Access","c6:25:06:5a:ed:46",-84
1402409152181,"Ziggo","ea:40:f2:94:28:dc",-87
1402409152195,"Mineel","5c:96:9d:66:3e:31",-82
1402409152218,"starthere","e0:91:f5:57:be:9e",-83
1402409152221,"FRITZ!Box Fon WLAN 7340","bc:05:43:f2:f7:0f",-89
1402409152244,"tom hart","00:25:86:c6:0d:04",-89
1402409152260,"Ziggo","72:18:8b:9c:32:dc",-88
1402409152293,"VGV75196A7979","50:7e:5d:6a:79:78",-88
1402409155472,"Wi-Fi-netwerk van R. Kaasenbrood","90:72:40:14:54:58",-56
1402409155488,"utrecht3515","84:9c:a6:63:e0:86",-75
1402409155502,"SpeedTouch367917","00:18:f6:67:52:c6",-59
1402409155519,"Vlinder","84:9c:a6:b4:da:52",-85
1402409155534,"Wi-Fi-netwerk van R. Kaasenbrood","90:72:40:14:54:59",-83
1402409155548,"Mr-Brown","7a:cb:a8:62:76:bc",-84
1402409155563,"ARJANHUIJZER-PC_Network-2.4G","c4:3d:c7:91:0d:6e",-87
1402409155576,"Duvel","e8:40:f2:94:28:db",-84
1402409155591,"FRITZ!Box Fon WLAN 7360","c0:25:06:5a:ed:46",-86
1402409155606,"Tele2modem-internet","00:23:54:85:fd:ca",-90
1402409155621,"FRITZ!Box Guest Access","c6:25:06:5a:ed:46",-84
1402409155636,"Ziggo","ea:40:f2:94:28:dc",-87
1402409155650,"Mineel","5c:96:9d:66:3e:31",-82
1402409155666,"starthere","e0:91:f5:57:be:9e",-83
1402409155681,"FRITZ!Box Fon WLAN 7340","bc:05:43:f2:f7:0f",-89
1402409155696,"tom hart","00:25:86:c6:0d:04",-89
1402409155711,"Ziggo","72:18:8b:9c:32:dc",-88
1402409155726,"VGV75196A7979","50:7e:5d:6a:79:78",-88
1402409155741,"HOOGHWINKELNEW_EXT","64:d1:a3:20:4f:17",-83
1402409155757,"Ziggo60CCB","70:18:8b:9c:32:db",-84
1402409155772,"CORRYHENK","00:18:f6:ec:07:28",-89
1402409158888,"Wi-Fi-netwerk van R. Kaasenbrood","90:72:40:14:54:58",-64
1402409158912,"utrecht3515","84:9c:a6:63:e0:86",-75
1402409158915,"SpeedTouch367917","00:18:f6:67:52:c6",-61
1402409158941,"Vlinder","84:9c:a6:b4:da:52",-86
1402409158955,"Wi-Fi-netwerk van R. Kaasenbrood","90:72:40:14:54:59",-84
1402409158957,"Mr-Brown","7a:cb:a8:62:76:bc",-84
1402409158972,"ARJANHUIJZER-PC_Network-2.4G","c4:3d:c7:91:0d:6e",-87
1402409158987,"Duvel","e8:40:f2:94:28:db",-80
1402409159001,"FRITZ!Box Fon WLAN 7360","c0:25:06:5a:ed:46",-86
1402409159023,"Tele2modem-internet","00:23:54:85:fd:ca",-90
1402409159040,"FRITZ!Box Guest Access","c6:25:06:5a:ed:46",-90
1402409159057,"Ziggo","ea:40:f2:94:28:dc",-81
1402409159073,"Mineel","5c:96:9d:66:3e:31",-82
1402409159088,"starthere","e0:91:f5:57:be:9e",-90
1402409159102,"FRITZ!Box Fon WLAN 7340","bc:05:43:f2:f7:0f",-89
1402409159118,"tom hart","00:25:86:c6:0d:04",-89
1402409159132,"Ziggo","72:18:8b:9c:32:dc",-85
1402409159149,"VGV75196A7979","50:7e:5d:6a:79:78",-87
1402409159164,"HOOGHWINKELNEW_EXT","64:d1:a3:20:4f:17",-83
1402409159179,"Ziggo60CCB","70:18:8b:9c:32:db",-84
1402409159194,"CORRYHENK","00:18:f6:ec:07:28",-89
1402409159209,"Biomineral","08:96:d7:30:55:10",-89
1402409162371,"Wi-Fi-netwerk van R. Kaasenbrood","90:72:40:14:54:58",-65
1402409162384,"utrecht3515","84:9c:a6:63:e0:86",-77
1402409162399,"SpeedTouch367917","00:18:f6:67:52:c6",-67
1402409162422,"Vlinder","84:9c:a6:b4:da:52",-86
1402409162438,"Wi-Fi-netwerk van R. Kaasenbrood","90:72:40:14:54:59",-76
1402409162467,"Mr-Brown","7a:cb:a8:62:76:bc",-88
1402409162495,"ARJANHUIJZER-PC_Network-2.4G","c4:3d:c7:91:0d:6e",-87
1402409162515,"Duvel","e8:40:f2:94:28:db",-80
1402409162529,"FRITZ!Box Fon WLAN 7360","c0:25:06:5a:ed:46",-89
1402409162545,"Tele2modem-internet","00:23:54:85:fd:ca",-88
1402409162559,"FRITZ!Box Guest Access","c6:25:06:5a:ed:46",-90
1402409162574,"Ziggo","ea:40:f2:94:28:dc",-81
1402409162588,"starthere","e0:91:f5:57:be:9e",-90
1402409162603,"Ziggo","72:18:8b:9c:32:dc",-85
1402409162618,"VGV75196A7979","50:7e:5d:6a:79:78",-87
1402409162633,"HOOGHWINKELNEW_EXT","64:d1:a3:20:4f:17",-79
1402409162650,"Ziggo60CCB","70:18:8b:9c:32:db",-84
1402409162666,"CORRYHENK","00:18:f6:ec:07:28",-89
1402409162681,"Biomineral","08:96:d7:30:55:10",-89
1402409162696,"Online gast","ba:8d:12:62:61:46",-88
1402409162711,"SpeedTouch8EC007","00:14:7f:72:a7:46",-89
1402409165924,"Wi-Fi-netwerk van R. Kaasenbrood","90:72:40:14:54:58",-62
1402409165937,"utrecht3515","84:9c:a6:63:e0:86",-78
1402409165952,"SpeedTouch367917","00:18:f6:67:52:c6",-70
1402409165967,"Vlinder","84:9c:a6:b4:da:52",-87
1402409166000,"Wi-Fi-netwerk van R. Kaasenbrood","90:72:40:14:54:59",-80
1402409166015,"Mr-Brown","7a:cb:a8:62:76:bc",-88
1402409166032,"ARJANHUIJZER-PC_Network-2.4G","c4:3d:c7:91:0d:6e",-84
1402409166047,"Duvel","e8:40:f2:94:28:db",-76
1402409166063,"FRITZ!Box Fon WLAN 7360","c0:25:06:5a:ed:46",-89
1402409166078,"Tele2modem-internet","00:23:54:85:fd:ca",-84
1402409166093,"FRITZ!Box Guest Access","c6:25:06:5a:ed:46",-90
1402409166108,"Ziggo","ea:40:f2:94:28:dc",-77
1402409166124,"starthere","e0:91:f5:57:be:9e",-90
1402409166139,"Ziggo","72:18:8b:9c:32:dc",-85
1402409166155,"VGV75196A7979","50:7e:5d:6a:79:78",-87
1402409166170,"HOOGHWINKELNEW_EXT","64:d1:a3:20:4f:17",-79
1402409166185,"Ziggo60CCB","70:18:8b:9c:32:db",-85
1402409166201,"CORRYHENK","00:18:f6:ec:07:28",-89
1402409166216,"Biomineral","08:96:d7:30:55:10",-89
1402409166232,"Online gast","ba:8d:12:62:61:46",-88
1402409166247,"SpeedTouch8EC007","00:14:7f:72:a7:46",-89
1402409166262,"Mineel","5c:96:9d:66:3e:31",-84
1402409166277,"SpeedTouch0D6220","00:11:f5:da:75:1b",-90
1402409166293,"tom hart","00:25:86:c6:0d:04",-91
1402409169587,"Wi-Fi-netwerk van R. Kaasenbrood","90:72:40:14:54:58",-66
1402409169603,"utrecht3515","84:9c:a6:63:e0:86",-76
1402409169619,"SpeedTouch367917","00:18:f6:67:52:c6",-69
1402409169635,"Vlinder","84:9c:a6:b4:da:52",-87
1402409169650,"Wi-Fi-netwerk van R. Kaasenbrood","90:72:40:14:54:59",-78
1402409169665,"Mr-Brown","7a:cb:a8:62:76:bc",-88
1402409169679,"ARJANHUIJZER-PC_Network-2.4G","c4:3d:c7:91:0d:6e",-85
1402409169694,"Duvel","e8:40:f2:94:28:db",-77
1402409169708,"FRITZ!Box Fon WLAN 7360","c0:25:06:5a:ed:46",-89
1402409169722,"Tele2modem-internet","00:23:54:85:fd:ca",-83
1402409169737,"FRITZ!Box Guest Access","c6:25:06:5a:ed:46",-90
1402409169751,"Ziggo","ea:40:f2:94:28:dc",-77
1402409169764,"starthere","e0:91:f5:57:be:9e",-84
1402409169778,"Ziggo","72:18:8b:9c:32:dc",-85
1402409169802,"VGV75196A7979","50:7e:5d:6a:79:78",-87
1402409169823,"HOOGHWINKELNEW_EXT","64:d1:a3:20:4f:17",-79
1402409169844,"Ziggo60CCB","70:18:8b:9c:32:db",-85
1402409169864,"Biomineral","08:96:d7:30:55:10",-89
1402409169878,"Online gast","ba:8d:12:62:61:46",-88
1402409169893,"SpeedTouch8EC007","00:14:7f:72:a7:46",-89
1402409169907,"Mineel","5c:96:9d:66:3e:31",-84
1402409169922,"SpeedTouch0D6220","00:11:f5:da:75:1b",-90
1402409169937,"tom hart","00:25:86:c6:0d:04",-91
1402409169951,"VGV75192AC3C0","84:9c:a6:2a:c3:c0",-87
1402409169966,"Gijsbrecht16","fc:c8:97:8a:74:86",-90
1402409173370,"Wi-Fi-netwerk van R. Kaasenbrood","90:72:40:14:54:58",-71
1402409173383,"utrecht3515","84:9c:a6:63:e0:86",-75
1402409173417,"SpeedTouch367917","00:18:f6:67:52:c6",-65
1402409173453,"Vlinder","84:9c:a6:b4:da:52",-86
1402409173468,"Wi-Fi-netwerk van R. Kaasenbrood","90:72:40:14:54:59",-82
1402409173482,"Mr-Brown","7a:cb:a8:62:76:bc",-88
1402409173505,"ARJANHUIJZER-PC_Network-2.4G","c4:3d:c7:91:0d:6e",-86
1402409173510,"Duvel","e8:40:f2:94:28:db",-81
1402409173524,"FRITZ!Box Fon WLAN 7360","c0:25:06:5a:ed:46",-89
1402409173538,"Tele2modem-internet","00:23:54:85:fd:ca",-87
1402409173552,"Ziggo","ea:40:f2:94:28:dc",-81
1402409173567,"starthere","e0:91:f5:57:be:9e",-84
1402409173581,"Ziggo","72:18:8b:9c:32:dc",-85
1402409173596,"VGV75196A7979","50:7e:5d:6a:79:78",-91
1402409173612,"HOOGHWINKELNEW_EXT","64:d1:a3:20:4f:17",-79
1402409173632,"Ziggo60CCB","70:18:8b:9c:32:db",-89
1402409173652,"Online gast","ba:8d:12:62:61:46",-88
1402409173672,"SpeedTouch8EC007","00:14:7f:72:a7:46",-89
1402409173691,"Mineel","5c:96:9d:66:3e:31",-84
1402409173714,"SpeedTouch0D6220","00:11:f5:da:75:1b",-90
1402409173729,"tom hart","00:25:86:c6:0d:04",-91
1402409173758,"VGV75192AC3C0","84:9c:a6:2a:c3:c0",-87
1402409173793,"Gijsbrecht16","fc:c8:97:8a:74:86",-90
1402409173815,"Zy_private_E4XHWM","fc:f5:28:92:d1:cc",-80
1402409173850,"utrecht3515-2","00:25:9c:4d:02:50",-89
1402409177240,"Wi-Fi-netwerk van R. Kaasenbrood","90:72:40:14:54:58",-58
1402409177253,"utrecht3515","84:9c:a6:63:e0:86",-74
1402409177267,"SpeedTouch367917","00:18:f6:67:52:c6",-61
1402409177282,"Vlinder","84:9c:a6:b4:da:52",-82
1402409177295,"Wi-Fi-netwerk van R. Kaasenbrood","90:72:40:14:54:59",-66
1402409177310,"Mr-Brown","7a:cb:a8:62:76:bc",-88
1402409177324,"ARJANHUIJZER-PC_Network-2.4G","c4:3d:c7:91:0d:6e",-86
1402409177338,"Duvel","e8:40:f2:94:28:db",-81
1402409177352,"FRITZ!Box Fon WLAN 7360","c0:25:06:5a:ed:46",-86
1402409177366,"Tele2modem-internet","00:23:54:85:fd:ca",-78
1402409177381,"Ziggo","ea:40:f2:94:28:dc",-81
1402409177395,"starthere","e0:91:f5:57:be:9e",-84
1402409177410,"Ziggo","72:18:8b:9c:32:dc",-85
1402409177425,"VGV75196A7979","50:7e:5d:6a:79:78",-91
1402409177441,"Ziggo60CCB","70:18:8b:9c:32:db",-89
1402409177456,"Mineel","5c:96:9d:66:3e:31",-84
1402409177471,"SpeedTouch0D6220","00:11:f5:da:75:1b",-90
1402409177487,"tom hart","00:25:86:c6:0d:04",-91
1402409177502,"VGV75192AC3C0","84:9c:a6:2a:c3:c0",-87
1402409177517,"Gijsbrecht16","fc:c8:97:8a:74:86",-90
1402409177532,"Zy_private_E4XHWM","fc:f5:28:92:d1:cc",-87
1402409177547,"utrecht3515-2","00:25:9c:4d:02:50",-89
1402409177563,"FRITZ!Box Guest Access","c6:25:06:5a:ed:46",-81
1402409177577,"Sitecom","00:0c:f6:3b:9a:04",-83
1402409177593,"FRITZ!Box Fon WLAN 7340","bc:05:43:f2:f7:0f",-84
1402409177609,"CORRYHENK","00:18:f6:ec:07:28",-85
1402409181143,"Wi-Fi-netwerk van R. Kaasenbrood","90:72:40:14:54:58",-61
1402409181157,"utrecht3515","84:9c:a6:63:e0:86",-75
1402409181173,"SpeedTouch367917","00:18:f6:67:52:c6",-62
1402409181208,"Vlinder","84:9c:a6:b4:da:52",-82
1402409181243,"Wi-Fi-netwerk van R. Kaasenbrood","90:72:40:14:54:59",-75
1402409181264,"Mr-Brown","7a:cb:a8:62:76:bc",-84
1402409181279,"ARJANHUIJZER-PC_Network-2.4G","c4:3d:c7:91:0d:6e",-86
1402409181293,"Duvel","e8:40:f2:94:28:db",-81
1402409181308,"FRITZ!Box Fon WLAN 7360","c0:25:06:5a:ed:46",-82
1402409181322,"Tele2modem-internet","00:23:54:85:fd:ca",-79
1402409181337,"Ziggo","ea:40:f2:94:28:dc",-78
1402409181351,"starthere","e0:91:f5:57:be:9e",-86
1402409181366,"VGV75196A7979","50:7e:5d:6a:79:78",-91
1402409181381,"Ziggo60CCB","70:18:8b:9c:32:db",-89
1402409181395,"VGV75192AC3C0","84:9c:a6:2a:c3:c0",-87
1402409181411,"Gijsbrecht16","fc:c8:97:8a:74:86",-90
1402409181429,"Zy_private_E4XHWM","fc:f5:28:92:d1:cc",-86
1402409181451,"utrecht3515-2","00:25:9c:4d:02:50",-89
1402409181467,"FRITZ!Box Guest Access","c6:25:06:5a:ed:46",-82
1402409181482,"Sitecom","00:0c:f6:3b:9a:04",-83
1402409181498,"FRITZ!Box Fon WLAN 7340","bc:05:43:f2:f7:0f",-84
1402409181531,"CORRYHENK","00:18:f6:ec:07:28",-87
1402409181560,"FRITZ!Box Fon WLAN 7340","bc:05:43:6f:ca:ae",-76
1402409181575,"ARJANHUIJZER-PC_Network","c4:3d:c7:91:0d:70",-99
1402409185133,"Wi-Fi-netwerk van R. Kaasenbrood","90:72:40:14:54:58",-56
1402409185147,"utrecht3515","84:9c:a6:63:e0:86",-69
1402409185163,"SpeedTouch367917","00:18:f6:67:52:c6",-65
1402409185176,"Vlinder","84:9c:a6:b4:da:52",-79
1402409185189,"Wi-Fi-netwerk van R. Kaasenbrood","90:72:40:14:54:59",-80
1402409185203,"Mr-Brown","7a:cb:a8:62:76:bc",-84
1402409185227,"ARJANHUIJZER-PC_Network-2.4G","c4:3d:c7:91:0d:6e",-86
1402409185252,"Duvel","e8:40:f2:94:28:db",-82
